Label,# Samples,Average,Min,Max,Std. Dev.,Error %,Throughput,Received KB/sec,Sent KB/sec,Avg. Bytes
HTTP Request,21931,10585,0,60070,22205.67,94.902%,78.83234,132.12,1.96,1716.2
TOTAL,21931,10585,0,60070,22205.67,94.902%,78.83234,132.12,1.96,1716.2
